id,s_id,nb_overlap,nb_overlap_1000,nb_overlap_500,nb_overlap_200
1,35,3644,522,370,282
1,74,2831,574,174,46
1,198,803,220,163,40
2,17,2280,765,509,356
2,22,2552,1441,812,556
2,33,2619,1165,868,366
2,64,2026,317,124,45
2,68,2516,319,279,21
2,72,2619,860,259,25
2,116,2619,692,326,45
2,117,2619,692,326,45
2,126,518,438,267,126
2,135,720,212,117,19
2,206,1044,433,319,102
3,162,545,427,179,64
3,186,1103,367,317,41
4,5,2721,342,122,47
4,18,2626,545,494,332
4,83,2204,334,143,91
4,134,608,545,201,21
5,4,2721,342,122,47
5,134,716,318,276,14
5,146,467,360,160,14
6,8,2822,529,274,102
6,181,739,242,164,38
8,6,2822,529,274,102
8,14,2822,680,364,34
8,69,695,513,381,236
9,35,2250,124,61,24
9,67,2250,496,67,26
10,55,2042,430,302,279
10,60,2116,486,445,360
10,84,2059,204,89,36
10,91,2210,587,539,356
11,20,671,671,460,131
11,59,1753,199,73,28
11,83,2078,203,167,131
11,121,2451,253,204,130
11,132,605,605,440,31
11,136,1899,1899,1330,568
11,159,605,435,164,53
11,203,809,666,475,375
11,207,751,751,595,191
12,92,1026,393,335,32
13,107,297,297,297,63
14,8,2822,680,364,34
14,106,3149,516,290,57
14,181,697,289,188,22
16,39,474,382,202,158
16,73,541,384,142,26
17,2,2280,765,509,356
17,22,2265,524,353,220
17,33,2280,557,199,42
17,64,2020,504,157,62
17,68,2229,435,370,108
17,72,2280,232,120,42
17,89,2280,974,699,163
17,113,2280,659,292,168
17,116,2280,174,83,32
17,117,2280,174,83,32
17,123,2257,436,345,92
17,126,466,346,228,75
17,135,720,281,139,49
17,160,1383,273,146,44
17,206,992,434,304,59
18,4,2626,545,494,332
18,83,2292,496,319,110
18,134,513,435,203,52
19,23,1112,434,205,51
19,26,998,318,214,30
19,51,1214,273,189,69
19,138,884,489,294,89
19,189,751,751,751,413
20,11,671,671,460,131
20,101,671,365,196,65
20,132,551,551,506,143
20,136,671,671,178,70
20,154,539,534,157,43
21,73,425,362,194,53
21,112,428,388,188,68
22,2,2552,1441,812,556
22,17,2265,524,353,220
22,64,2026,200,97,29
22,68,2607,1509,1151,302
22,72,2643,794,101,28
22,116,2643,915,740,192
22,117,2643,915,740,192
22,126,451,335,191,119
22,160,1383,186,102,18
22,206,977,319,220,94
23,19,1112,434,205,51
23,138,782,202,161,90
24,42,2185,107,53,22
24,118,1880,79,34,13
25,72,2485,534,420,329
25,89,2531,168,88,34
25,116,2432,461,385,314
25,117,2432,461,385,314
26,19,998,318,214,30
27,30,2710,1330,880,578
27,35,3247,1763,1420,980
27,48,2899,1941,1829,1188
27,54,2358,238,198,63
27,70,2401,806,419,243
27,75,2638,571,67,26
27,79,2359,1000,137,34
27,98,1826,134,64,26
27,108,1758,284,245,106
27,119,2227,591,74,29
27,136,1171,341,84,32
28,35,2575,129,66,25
29,39,2164,439,275,205
29,45,2198,276,96,33
29,55,2042,1283,1095,283
29,58,2529,1485,689,381
29,60,2092,938,596,437
29,63,2002,417,263,189
29,76,2862,370,329,293
29,90,2164,468,388,173
29,91,2209,1044,565,408
30,27,2710,1330,880,578
30,35,2639,1608,1572,1029
30,48,2706,1599,1004,585
30,54,2358,238,197,89
30,59,2680,292,174,17
30,108,1758,283,244,102
30,136,1139,329,80,29
31,37,2007,230,64,28
32,66,2276,1632,696,83
32,80,2091,674,453,96
32,82,2063,423,221,96
32,120,2550,342,311,99
33,2,2619,1165,868,366
33,17,2280,557,199,42
33,64,2026,522,279,103
33,72,2822,807,201,35
33,89,2677,1204,824,450
33,113,2501,626,576,199
33,116,2822,438,211,29
33,117,2822,438,211,29
33,206,1132,401,247,24
34,80,2091,1300,965,453
34,81,2573,415,179,52
34,84,2059,570,396,313
35,1,3644,522,370,282
35,9,2250,124,61,24
35,27,3247,1763,1420,980
35,28,2575,129,66,25
35,30,2639,1608,1572,1029
35,48,2832,1584,1175,889
35,61,940,287,116,43
35,67,2597,209,88,42
35,70,2489,187,71,30
35,75,2638,438,217,23
35,79,2359,125,61,23
35,98,1826,125,58,22
35,108,1696,221,188,12
35,119,2227,152,66,25
35,136,1068,161,86,32
36,57,2054,354,302,128
36,150,652,466,345,47
37,31,2007,230,64,28
39,16,474,382,202,158
39,29,2164,439,275,205
39,45,1896,698,90,35
39,63,2077,648,588,556
39,73,2239,1292,662,218
39,76,2164,305,273,118
39,90,2179,1054,773,349
39,112,2239,783,303,86
39,116,2239,189,115,42
39,117,2239,189,115,42
40,86,619,619,474,213
40,174,619,619,474,213
42,24,2185,107,53,22
42,149,823,815,404,106
44,158,822,259,79,22
45,29,2198,276,96,33
45,39,1896,698,90,35
45,73,2017,840,567,302
45,76,2198,364,74,29
45,112,2020,963,507,87
45,116,2198,425,67,25
45,117,2198,425,67,25
48,27,2899,1941,1829,1188
48,30,2706,1599,1004,585
48,35,2832,1584,1175,889
48,54,2358,247,153,61
48,98,1826,403,342,239
48,108,1758,285,236,41
48,136,1135,273,86,30
49,71,2201,297,117,19
49,73,2885,763,530,352
49,76,3308,1376,1026,274
49,84,2059,451,105,25
49,104,2285,748,670,375
49,112,2888,472,239,29
49,124,3660,1610,849,428
49,130,859,430,365,110
51,19,1214,273,189,69
54,27,2358,238,198,63
54,30,2358,238,197,89
54,48,2358,247,153,61
54,108,1735,1079,642,180
54,136,1107,227,66,22
55,10,2042,430,302,279
55,29,2042,1283,1095,283
55,58,2042,908,330,61
55,60,1990,1852,493,159
55,76,2042,192,99,46
55,91,2042,1705,546,242
55,116,2042,201,108,54
57,36,2054,354,302,128
57,150,594,488,355,36
57,172,1733,103,49,19
58,29,2529,1485,689,381
58,55,2042,908,330,61
58,60,2056,1327,1199,931
58,76,2529,402,81,32
58,81,2529,239,185,45
58,91,2173,1328,1183,682
58,116,2520,157,113,51
58,185,2129,225,118,61
59,11,1753,199,73,28
59,30,2680,292,174,17
59,159,605,368,203,64
60,10,2116,486,445,360
60,29,2092,938,596,437
60,55,1990,1852,493,159
60,58,2056,1327,1199,931
60,76,2116,185,88,37
60,91,2116,2114,2114,1809
61,35,940,287,116,43
62,63,2157,1467,891,389
62,71,2142,970,366,117
62,72,2182,843,264,48
62,73,2245,206,103,40
62,112,2245,226,99,33
62,116,2245,264,151,90
62,117,2245,264,151,90
62,199,1168,425,318,117
63,29,2002,417,263,189
63,39,2077,648,588,556
63,62,2157,1467,891,389
63,71,2054,728,194,39
63,73,2161,181,80,33
63,76,2002,294,262,113
63,90,2017,1798,953,258
63,112,2161,176,92,37
63,116,2161,228,132,50
63,117,2161,228,132,50
64,2,2026,317,124,45
64,17,2020,504,157,62
64,22,2026,200,97,29
64,33,2026,522,279,103
64,68,2026,370,129,35
64,72,2026,277,102,41
64,89,2026,1268,301,77
64,113,2026,435,304,201
64,116,2026,194,100,41
64,117,2026,194,100,41
64,123,2026,410,97,25
64,160,1217,303,217,73
65,99,3611,2773,709,59
65,143,1061,101,51,19
66,32,2276,1632,696,83
66,80,2091,321,67,26
66,120,2225,395,115,16
67,9,2250,496,67,26
67,35,2597,209,88,42
67,70,2402,1069,516,233
67,79,2187,1221,1178,678
67,119,2162,701,228,82
67,131,608,165,94,31
68,2,2516,319,279,21
68,17,2229,435,370,108
68,22,2607,1509,1151,302
68,64,2026,370,129,35
68,72,2769,154,71,27
68,116,2769,445,165,66
68,117,2769,445,165,66
68,123,2769,2559,1471,909
68,126,415,289,131,73
68,160,1383,304,216,79
69,8,695,513,381,236
69,125,233,233,145,24
69,181,543,214,134,60
70,27,2401,806,419,243
70,35,2489,187,71,30
70,67,2402,1069,516,233
70,79,2274,1682,999,313
70,119,2227,1223,1125,596
70,131,608,130,79,26
71,49,2201,297,117,19
71,62,2142,970,366,117
71,63,2054,728,194,39
71,72,2201,1179,892,638
71,73,2201,348,124,25
71,112,2201,293,71,27
71,116,2201,954,540,51
71,117,2201,954,540,51
71,124,2201,296,180,42
71,130,565,273,231,21
71,160,537,279,241,131
72,2,2619,860,259,25
72,17,2280,232,120,42
72,22,2643,794,101,28
72,25,2485,534,420,329
72,33,2822,807,201,35
72,62,2182,843,264,48
72,64,2026,277,102,41
72,68,2769,154,71,27
72,71,2201,1179,892,638
72,104,2310,181,86,39
72,113,2501,310,91,35
72,116,3502,1345,773,284
72,117,3502,1345,773,284
72,123,2982,231,68,29
73,16,541,384,142,26
73,21,425,362,194,53
73,39,2239,1292,662,218
73,45,2017,840,567,302
73,49,2885,763,530,352
73,62,2245,206,103,40
73,63,2161,181,80,33
73,71,2201,348,124,25
73,90,2179,412,96,37
73,104,2289,571,410,306
73,112,2889,1999,581,206
73,116,2889,174,74,26
73,117,2889,174,74,26
73,124,2889,414,239,92
73,130,863,471,355,66
74,1,2831,574,174,46
75,27,2638,571,67,26
75,35,2638,438,217,23
75,98,1826,566,252,25
75,119,2190,1136,913,356
76,29,2862,370,329,293
76,39,2164,305,273,118
76,45,2198,364,74,29
76,49,3308,1376,1026,274
76,55,2042,192,99,46
76,58,2529,402,81,32
76,60,2116,185,88,37
76,63,2002,294,262,113
76,84,2059,1154,136,49
76,90,2164,338,289,155
76,91,2256,163,78,32
78,88,157,157,122,63
79,27,2359,1000,137,34
79,35,2359,125,61,23
79,67,2187,1221,1178,678
79,70,2274,1682,999,313
79,119,2227,1315,592,269
79,131,608,173,96,42
80,32,2091,674,453,96
80,34,2091,1300,965,453
80,66,2091,321,67,26
80,81,2067,416,160,22
80,120,2091,459,418,349
81,34,2573,415,179,52
81,58,2529,239,185,45
81,80,2067,416,160,22
82,32,2063,423,221,96
82,120,2063,148,73,30
82,122,2063,559,325,253
83,4,2204,334,143,91
83,11,2078,203,167,131
83,18,2292,496,319,110
83,121,2277,975,400,371
84,10,2059,204,89,36
84,34,2059,570,396,313
84,49,2059,451,105,25
84,76,2059,1154,136,49
84,124,2034,372,198,95
86,40,619,619,474,213
86,174,777,777,777,777
87,173,414,414,414,414
88,78,157,157,122,63
89,17,2280,974,699,163
89,25,2531,168,88,34
89,33,2677,1204,824,450
89,64,2026,1268,301,77
89,113,2501,574,180,37
90,29,2164,468,388,173
90,39,2179,1054,773,349
90,63,2017,1798,953,258
90,73,2179,412,96,37
90,76,2164,338,289,155
90,112,2179,259,91,35
90,116,2179,249,156,48
90,117,2179,249,156,48
91,10,2210,587,539,356
91,29,2209,1044,565,408
91,55,2042,1705,546,242
91,58,2173,1328,1183,682
91,60,2116,2114,2114,1809
91,76,2256,163,78,32
92,12,1026,393,335,32
92,120,2177,521,403,256
98,27,1826,134,64,26
98,35,1826,125,58,22
98,48,1826,403,342,239
98,75,1826,566,252,25
99,65,3611,2773,709,59
99,143,812,201,58,22
101,20,671,365,196,65
101,121,2008,293,64,26
101,136,1786,327,209,34
104,49,2285,748,670,375
104,72,2310,181,86,39
104,73,2289,571,410,306
104,112,2310,483,253,30
104,116,2310,662,164,95
104,117,2310,662,164,95
104,123,2310,548,418,167
104,124,2310,645,378,102
104,130,871,430,335,28
106,14,3149,516,290,57
107,13,297,297,297,63
107,127,409,357,261,145
108,27,1758,284,245,106
108,30,1758,283,244,102
108,35,1696,221,188,12
108,48,1758,285,236,41
108,54,1735,1079,642,180
108,136,1130,198,77,30
112,21,428,388,188,68
112,39,2239,783,303,86
112,45,2020,963,507,87
112,49,2888,472,239,29
112,62,2245,226,99,33
112,63,2161,176,92,37
112,71,2201,293,71,27
112,73,2889,1999,581,206
112,90,2179,259,91,35
112,104,2310,483,253,30
112,116,3119,148,68,27
112,117,3119,148,68,27
112,124,2944,556,374,298
112,160,1062,738,431,146
113,17,2280,659,292,168
113,33,2501,626,576,199
113,64,2026,435,304,201
113,72,2501,310,91,35
113,89,2501,574,180,37
113,116,2501,331,90,28
113,117,2501,331,90,28
116,2,2619,692,326,45
116,17,2280,174,83,32
116,22,2643,915,740,192
116,25,2432,461,385,314
116,33,2822,438,211,29
116,39,2239,189,115,42
116,45,2198,425,67,25
116,55,2042,201,108,54
116,58,2520,157,113,51
116,62,2245,264,151,90
116,63,2161,228,132,50
116,64,2026,194,100,41
116,68,2769,445,165,66
116,71,2201,954,540,51
116,72,3502,1345,773,284
116,73,2889,174,74,26
116,90,2179,249,156,48
116,104,2310,662,164,95
116,112,3119,148,68,27
116,113,2501,331,90,28
116,117,4160,4160,4160,4160
116,123,2982,527,156,60
116,124,3473,295,86,35
117,2,2619,692,326,45
117,17,2280,174,83,32
117,22,2643,915,740,192
117,25,2432,461,385,314
117,33,2822,438,211,29
117,39,2239,189,115,42
117,45,2198,425,67,25
117,62,2245,264,151,90
117,63,2161,228,132,50
117,64,2026,194,100,41
117,68,2769,445,165,66
117,71,2201,954,540,51
117,72,3502,1345,773,284
117,73,2889,174,74,26
117,90,2179,249,156,48
117,104,2310,662,164,95
117,112,3119,148,68,27
117,113,2501,331,90,28
117,116,4160,4160,4160,4160
117,123,2982,527,156,60
117,124,3249,295,86,35
118,24,1880,79,34,13
119,27,2227,591,74,29
119,35,2227,152,66,25
119,67,2162,701,228,82
119,70,2227,1223,1125,596
119,75,2190,1136,913,356
119,79,2227,1315,592,269
120,32,2550,342,311,99
120,66,2225,395,115,16
120,80,2091,459,418,349
120,82,2063,148,73,30
120,92,2177,521,403,256
120,122,2636,174,70,29
121,11,2451,253,204,130
121,83,2277,975,400,371
121,101,2008,293,64,26
122,82,2063,559,325,253
122,120,2636,174,70,29
123,17,2257,436,345,92
123,64,2026,410,97,25
123,68,2769,2559,1471,909
123,72,2982,231,68,29
123,104,2310,548,418,167
123,116,2982,527,156,60
123,117,2982,527,156,60
123,135,720,498,265,33
124,49,3660,1610,849,428
124,71,2201,296,180,42
124,73,2889,414,239,92
124,84,2034,372,198,95
124,104,2310,645,378,102
124,112,2944,556,374,298
124,116,3473,295,86,35
124,117,3249,295,86,35
124,160,887,361,270,134
125,69,233,233,145,24
125,181,429,305,91,28
126,2,518,438,267,126
126,17,466,346,228,75
126,22,451,335,191,119
126,68,415,289,131,73
127,107,409,357,261,145
130,49,859,430,365,110
130,71,565,273,231,21
130,73,863,471,355,66
130,104,871,430,335,28
130,160,843,843,708,414
130,199,780,656,165,97
131,67,608,165,94,31
131,70,608,130,79,26
131,79,608,173,96,42
132,11,605,605,440,31
132,20,551,551,506,143
132,136,605,512,141,75
132,154,593,593,380,135
134,4,608,545,201,21
134,5,716,318,276,14
134,18,513,435,203,52
134,155,548,548,292,65
135,2,720,212,117,19
135,17,720,281,139,49
135,123,720,498,265,33
135,206,720,720,533,114
136,11,1899,1899,1330,568
136,20,671,671,178,70
136,27,1171,341,84,32
136,30,1139,329,80,29
136,35,1068,161,86,32
136,48,1135,273,86,30
136,54,1107,227,66,22
136,101,1786,327,209,34
136,108,1130,198,77,30
136,132,605,512,141,75
136,154,657,288,90,40
136,203,715,519,383,283
137,156,1035,692,488,241
138,19,884,489,294,89
138,23,782,202,161,90
139,144,18,18,18,18
139,161,59,59,59,59
141,197,243,243,215,52
143,65,1061,101,51,19
143,99,812,201,58,22
144,139,18,18,18,18
144,150,528,206,80,13
144,161,403,403,403,252
144,177,802,104,46,20
146,5,467,360,160,14
146,192,367,189,82,25
149,42,823,815,404,106
149,182,958,644,354,17
150,36,652,466,345,47
150,57,594,488,355,36
150,144,528,206,80,13
150,161,444,193,117,46
152,164,683,479,330,212
152,188,670,465,351,264
152,196,375,375,287,198
153,165,203,203,203,150
154,20,539,534,157,43
154,132,593,593,380,135
154,136,657,288,90,40
155,134,548,548,292,65
156,137,1035,692,488,241
158,44,822,259,79,22
159,11,605,435,164,53
159,59,605,368,203,64
160,17,1383,273,146,44
160,22,1383,186,102,18
160,64,1217,303,217,73
160,68,1383,304,216,79
160,71,537,279,241,131
160,112,1062,738,431,146
160,124,887,361,270,134
160,130,843,843,708,414
160,180,499,478,239,64
161,139,59,59,59,59
161,144,403,403,403,252
161,150,444,193,117,46
162,3,545,427,179,64
162,186,545,330,173,116
162,205,545,545,470,211
163,185,1894,185,143,79
163,190,963,556,163,46
164,152,683,479,330,212
164,188,605,605,605,201
165,153,203,203,203,150
168,175,274,274,251,29
169,176,954,832,633,354
169,191,685,408,272,201
170,200,149,149,73,16
172,57,1733,103,49,19
173,87,414,414,414,414
174,40,619,619,474,213
174,86,777,777,777,777
175,168,274,274,251,29
176,169,954,832,633,354
176,191,688,444,357,270
177,144,802,104,46,20
179,182,389,389,389,389
180,160,499,478,239,64
181,6,739,242,164,38
181,14,697,289,188,22
181,69,543,214,134,60
181,125,429,305,91,28
182,149,958,644,354,17
182,179,389,389,389,389
183,193,273,169,85,24
184,185,342,342,294,98
185,58,2129,225,118,61
185,163,1894,185,143,79
185,184,342,342,294,98
186,3,1103,367,317,41
186,162,545,330,173,116
186,205,982,683,195,66
188,152,670,465,351,264
188,164,605,605,605,201
189,19,751,751,751,413
190,163,963,556,163,46
191,169,685,408,272,201
191,176,688,444,357,270
191,201,1069,581,260,107
192,146,367,189,82,25
193,183,273,169,85,24
196,152,375,375,287,198
197,141,243,243,215,52
198,1,803,220,163,40
199,62,1168,425,318,117
199,130,780,656,165,97
200,170,149,149,73,16
201,191,1069,581,260,107
203,11,809,666,475,375
203,136,715,519,383,283
205,162,545,545,470,211
205,186,982,683,195,66
206,2,1044,433,319,102
206,17,992,434,304,59
206,22,977,319,220,94
206,33,1132,401,247,24
206,135,720,720,533,114
207,11,751,751,595,191